{
  "rouge": {
    "rouge_1": 40.00897017577016,
    "rouge_l": 37.073259209903014,
    "rouge_2": 19.332908121316194
  },
  "BLEU": {
    "bleu_1": 31.99001196508923,
    "bleu_2": 22.07796877234138,
    "bleu_3": 15.847447832119373,
    "bleu_4": 11.658299136826926,
    "bleu_avg": 20.39343192659423
  },
  "BERTScore": 91.85655117034912,
  "METEOR": {
    "meteor": 38.19506429062434
  }
}