{
  "rouge": {
    "rouge_1": 56.29994187039512,
    "rouge_l": 53.196586811572686,
    "rouge_2": 33.99460499771152
  },
  "BLEU": {
    "bleu_1": 48.713622481526066,
    "bleu_2": 37.48175938901942,
    "bleu_3": 29.122282821000518,
    "bleu_4": 22.262500383406806,
    "bleu_avg": 34.395041268738204
  },
  "BERTScore": 93.67883205413818,
  "METEOR": {
    "meteor": 55.09089368888455
  },
  "GritLM": {
    "similarity_score": 0.6527013361043863,
    "proportion": 57.168498168498175
  }
}