{
  "rouge": {
    "rouge_1": 53.371938010605,
    "rouge_l": 49.82502319891145,
    "rouge_2": 30.547637973494236
  },
  "BLEU": {
    "bleu_1": 45.78166564089578,
    "bleu_2": 34.6446911326704,
    "bleu_3": 26.985398262510625,
    "bleu_4": 20.363084574815364,
    "bleu_avg": 31.943709902723043
  },
  "BERTScore": 93.19247603416443,
  "METEOR": {
    "meteor": 51.44747189010065
  },
  "GritLM": {
    "similarity_score": 0.6375567017715659,
    "proportion": 55.83452380952381
  }
}